epoch,knn_accuracy,step,train_discriminator_loss,train_generator_loss,validation_discriminator_loss,validation_generator_loss
0,,49,0.21860899031162262,1.0035914182662964,,
0,,99,0.0072214738465845585,0.9967280626296997,,
0,,149,0.00018220990023110062,1.0222139358520508,,
0,,199,9.846618195297197e-05,1.0033819675445557,,
0,,249,0.00034080861951224506,1.000313639640808,,
0,,299,9.834922093432397e-05,1.0070112943649292,,
0,,349,0.00018150979303754866,1.0183180570602417,,
0,,399,0.0003941210452467203,1.003108263015747,,
0,,449,0.0005932319909334183,0.9701098203659058,,
0,0.5731691122055054,459,,,0.7817219495773315,0.015985578298568726
1,,499,0.00010105549881700426,1.0139553546905518,,
1,,549,8.819127106107771e-05,0.9977278709411621,,
1,,599,0.00021083476895000786,0.9970831871032715,,
1,,649,3.819567427854054e-05,1.0069141387939453,,
1,,699,0.00015368839376606047,1.0177345275878906,,
1,,749,0.00015552088734693825,1.0153207778930664,,
1,,799,0.00012142744526499882,1.0067603588104248,,
1,,849,0.00030776270432397723,0.9853376150131226,,
1,,899,0.0002806491684168577,0.9954738020896912,,
1,0.5725098252296448,919,,,0.5598227381706238,0.09563241899013519
2,,949,0.00010291323997080326,1.0145552158355713,,
2,,999,6.366545130731538e-05,1.0050861835479736,,
2,,1049,0.0001654301304370165,1.0222177505493164,,
2,,1099,0.00011541360436240211,0.9950373768806458,,
2,,1149,0.000166329147759825,1.0013463497161865,,
2,,1199,0.00012445152970030904,0.9951976537704468,,
2,,1249,0.0006168382824398577,0.9995092153549194,,
2,,1299,0.0003102445334661752,1.0030999183654785,,
2,,1349,9.633396985009313e-05,0.9995141625404358,,
2,0.5853015780448914,1379,,,0.5528023838996887,0.10273591428995132
3,,1399,0.0002987037878483534,1.0059322118759155,,
3,,1449,9.079975279746577e-05,1.0032148361206055,,
3,,1499,0.00018460529099684209,1.0077937841415405,,
3,,1549,0.00028459393070079386,0.9932569265365601,,
3,,1599,0.00018386908050160855,1.0100370645523071,,
3,,1649,0.0001538495416752994,1.0204217433929443,,
3,,1699,0.050032708793878555,0.8781167268753052,,
3,,1749,0.0060112751089036465,1.3472480773925781,,
3,,1799,0.01696958765387535,1.3617092370986938,,
3,0.5904713273048401,1839,,,0.5451741218566895,0.23997589945793152
4,,1849,0.0008251802646555007,1.0159739255905151,,
4,,1899,0.0004985519917681813,0.9966138601303101,,
4,,1949,0.0038773859851062298,1.2062989473342896,,
4,,1999,0.0005950472550466657,0.9951593279838562,,
4,,2049,0.0009055298287421465,1.000624656677246,,
4,,2099,0.0010182909900322556,1.0244476795196533,,
4,,2149,0.0005883902194909751,0.9893075227737427,,
4,,2199,0.0006655327742919326,0.9956713914871216,,
4,,2249,0.0008395854383707047,0.9882204532623291,,
4,,2299,0.0006211298168636858,0.9981174468994141,,
4,0.5876047015190125,2299,,,0.5026190280914307,0.12193574011325836
5,,2349,0.0033364449627697468,0.9838238954544067,,
5,,2399,0.000645707652438432,1.0471500158309937,,
5,,2449,0.0029563517309725285,1.1069364547729492,,
5,,2499,0.0020465070847421885,1.0504987239837646,,
5,,2549,0.00044182525016367435,0.9851043224334717,,
5,,2599,0.00027907220646739006,0.9940005540847778,,
5,,2649,0.0030007967725396156,0.9775083065032959,,
5,,2699,0.0027424804866313934,1.1203086376190186,,
5,,2749,0.007597403600811958,1.000963568687439,,
5,0.5874621272087097,2759,,,0.5699511766433716,0.5736742615699768
6,,2799,0.0042035989463329315,0.9569594860076904,,
6,,2849,0.010358303785324097,1.032196283340454,,
6,,2899,0.013542747125029564,1.0803747177124023,,
6,,2949,0.0021102558821439743,1.0384728908538818,,
6,,2999,0.9382824301719666,0.06237901747226715,,
6,,3049,0.0759330689907074,0.8400954604148865,,
6,,3099,0.007867098785936832,0.9831309914588928,,
6,,3149,0.007037665694952011,1.1488761901855469,,
6,,3199,0.004369003232568502,1.0187909603118896,,
6,0.5680394768714905,3219,,,0.39659297466278076,0.22614598274230957
7,,3249,0.00677948584780097,0.9397097826004028,,
7,,3299,0.0388791561126709,0.7477726340293884,,
7,,3349,0.10558922588825226,0.6724194288253784,,
7,,3399,0.004717736970633268,1.131205677986145,,
7,,3449,0.017008401453495026,0.9085537791252136,,
7,,3499,0.06129864230751991,1.0919761657714844,,
7,,3549,0.030029263347387314,1.0688018798828125,,
7,,3599,0.024837423115968704,1.2479232549667358,,
7,,3649,0.015226691029965878,0.9925388097763062,,
7,0.5271093249320984,3679,,,0.3558550477027893,0.3396536707878113
8,,3699,0.06722718477249146,0.9606235027313232,,
8,,3749,0.013432387262582779,1.0875407457351685,,
8,,3799,0.032441966235637665,1.2529358863830566,,
8,,3849,0.10227901488542557,0.9406524896621704,,
8,,3899,0.050648681819438934,1.5017759799957275,,
8,,3949,0.2583722174167633,0.5239244699478149,,
8,,3999,0.11091511696577072,1.2709078788757324,,
8,,4049,0.0828728899359703,1.2705110311508179,,
8,,4099,0.05783037096261978,1.3101348876953125,,
8,0.49799981713294983,4139,,,0.3639371395111084,0.49393123388290405
9,,4149,0.1359342336654663,0.9614521265029907,,
9,,4199,0.15959341824054718,1.690038800239563,,
9,,4249,0.052903272211551666,0.8514086604118347,,
9,,4299,0.092396080493927,0.9139492511749268,,
9,,4349,0.0883089229464531,1.104418396949768,,
9,,4399,0.1592492163181305,1.645916223526001,,
9,,4449,0.07910969853401184,1.0044511556625366,,
9,,4499,0.35152751207351685,1.0654911994934082,,
9,,4549,0.06764045357704163,0.9242008924484253,,
9,,4599,0.2490244209766388,1.1225366592407227,,
9,0.4984208047389984,4599,,,0.3478076756000519,0.8061988949775696
10,,4649,0.08805373311042786,1.0724995136260986,,
10,,4699,0.07595610618591309,1.3403048515319824,,
10,,4749,0.03931380808353424,1.5306025743484497,,
10,,4799,0.11167894303798676,1.074791669845581,,
10,,4849,0.046170104295015335,1.205033540725708,,
10,,4899,0.10989934206008911,1.282047986984253,,
10,,4949,0.19641220569610596,1.8514609336853027,,
10,,4999,0.1008523628115654,1.3130943775177002,,
10,,5049,0.24679185450077057,2.146498680114746,,
10,0.4633397161960602,5059,,,0.3711850643157959,0.6451883912086487
11,,5099,0.07316245883703232,1.2786941528320312,,
11,,5149,0.07934802025556564,1.0602049827575684,,
11,,5199,0.09213719516992569,1.3116226196289062,,
11,,5249,0.12358568608760834,1.3512067794799805,,
11,,5299,0.0340697206556797,1.1767797470092773,,
11,,5349,0.16443520784378052,0.9092031717300415,,
11,,5399,0.209455668926239,1.833794116973877,,
11,,5449,0.039519961923360825,1.2794885635375977,,
11,,5499,0.11460625380277634,1.549222469329834,,
11,0.517028272151947,5519,,,0.36869457364082336,0.6568642258644104
12,,5549,0.11566857248544693,1.4405865669250488,,
12,,5599,0.11957024037837982,1.2426748275756836,,
12,,5649,0.08172116428613663,0.9857572317123413,,
12,,5699,0.1525944322347641,1.1734380722045898,,
12,,5749,0.0640559196472168,1.1336510181427002,,
12,,5799,0.10044845938682556,1.7700490951538086,,
12,,5849,0.08191142231225967,1.4314186573028564,,
12,,5899,0.06622877717018127,1.6669127941131592,,
12,,5949,0.08345095813274384,1.3039209842681885,,
12,0.5386448502540588,5979,,,0.35123416781425476,0.6756225228309631
13,,5999,0.23487310111522675,2.037148952484131,,
13,,6049,0.17887435853481293,1.1020238399505615,,
13,,6099,0.06006235256791115,1.670333981513977,,
13,,6149,0.11211834102869034,1.1346099376678467,,
13,,6199,0.13933448493480682,0.9283735156059265,,
13,,6249,0.12226403504610062,0.8988673686981201,,
13,,6299,0.0420110747218132,1.4686088562011719,,
13,,6349,0.09005521237850189,0.9402660131454468,,
13,,6399,0.0625588670372963,1.0442935228347778,,
13,0.5522652268409729,6439,,,0.29328426718711853,0.6942593455314636
14,,6449,0.09849784523248672,1.5322341918945312,,
14,,6499,0.07958005368709564,1.2764039039611816,,
14,,6549,0.07067137211561203,1.7013013362884521,,
14,,6599,0.04065139219164848,1.2393896579742432,,
14,,6649,0.15492163598537445,1.0424473285675049,,
14,,6699,0.13178810477256775,1.0388894081115723,,
14,,6749,0.21382951736450195,1.5687990188598633,,
14,,6799,0.07311316579580307,0.8562212586402893,,
14,,6849,0.19091466069221497,1.4602161645889282,,
14,,6899,0.12420549988746643,1.0122652053833008,,
14,0.5837869644165039,6899,,,0.29641246795654297,0.6931110620498657
15,,6949,0.10951411724090576,1.5853497982025146,,
15,,6999,0.06568819284439087,1.7572875022888184,,
15,,7049,0.20106081664562225,0.7702904939651489,,
15,,7099,0.12269370257854462,0.7659621238708496,,
15,,7149,0.18011599779129028,1.5158817768096924,,
15,,7199,0.07993322610855103,0.788658082485199,,
15,,7249,0.08265084028244019,1.7919352054595947,,
15,,7299,0.1796053647994995,1.242933988571167,,
15,,7349,0.09937122464179993,1.8846335411071777,,
15,0.5909613370895386,7359,,,0.33171114325523376,0.56633061170578
16,,7399,0.13260041177272797,1.6162848472595215,,
16,,7449,0.059730902314186096,1.2841973304748535,,
16,,7499,0.03874954208731651,1.138910174369812,,
16,,7549,0.0789143294095993,1.3475005626678467,,
16,,7599,0.10676422715187073,0.955703616142273,,
16,,7649,0.07821039855480194,0.7722408771514893,,
16,,7699,0.09030536562204361,1.1359177827835083,,
16,,7749,0.24267403781414032,0.9995336532592773,,
16,,7799,0.06305679678916931,1.5031044483184814,,
16,0.5752405524253845,7819,,,0.3567536771297455,0.6826868057250977
17,,7849,0.08884381502866745,1.3336527347564697,,
17,,7899,0.07365567982196808,1.2075762748718262,,
17,,7949,0.04476192593574524,1.2806843519210815,,
17,,7999,0.14836478233337402,1.5169177055358887,,
17,,8049,0.06249343231320381,1.0525866746902466,,
17,,8099,0.2028060257434845,2.1187689304351807,,
17,,8149,0.11973640322685242,1.157868504524231,,
17,,8199,0.14380832016468048,1.9705933332443237,,
17,,8249,0.08147920668125153,0.8872308135032654,,
17,0.5877405405044556,8279,,,0.2898344397544861,0.6337183117866516
18,,8299,0.06175696849822998,1.8490965366363525,,
18,,8349,0.2463844120502472,1.5498206615447998,,
18,,8399,0.032469749450683594,1.293578863143921,,
18,,8449,0.05886201933026314,0.9524021148681641,,
18,,8499,0.09026491641998291,1.3722527027130127,,
18,,8549,0.05643625184893608,1.057174563407898,,
18,,8599,0.04929324612021446,1.2284654378890991,,
18,,8649,0.10550755262374878,1.3476276397705078,,
18,,8699,0.044217951595783234,1.2181832790374756,,
18,0.5986435413360596,8739,,,0.29858431220054626,0.6073156595230103
19,,8749,0.09312320500612259,1.5860713720321655,,
19,,8799,0.05967080593109131,1.455021858215332,,
19,,8849,0.037388261407613754,1.1668742895126343,,
19,,8899,0.12690791487693787,0.7399713397026062,,
19,,8949,0.06112455949187279,1.4075937271118164,,
19,,8999,0.09606772661209106,1.6024926900863647,,
19,,9049,0.18265169858932495,0.5701085329055786,,
19,,9099,0.1202583834528923,1.1799440383911133,,
19,,9149,0.09045025706291199,0.9697188138961792,,
19,,9199,0.31144651770591736,0.6639784574508667,,
19,0.588263988494873,9199,,,0.3585922122001648,0.7177876234054565
20,,9249,0.06614864617586136,1.1908988952636719,,
20,,9299,0.07360713183879852,1.0261707305908203,,
20,,9349,0.06100824102759361,1.0065433979034424,,
20,,9399,0.09361498802900314,1.308699131011963,,
20,,9449,0.13670065999031067,0.6038553714752197,,
20,,9499,0.03249417245388031,0.9325587749481201,,
20,,9549,0.22729717195034027,1.3472052812576294,,
20,,9599,0.04738008230924606,1.310862421989441,,
20,,9649,0.06524724513292313,1.0130209922790527,,
20,0.5810762643814087,9659,,,0.3242979049682617,0.49845534563064575
21,,9699,0.046033699065446854,1.0613069534301758,,
21,,9749,0.24269047379493713,0.5066269040107727,,
21,,9799,0.11605548858642578,0.9743949174880981,,
21,,9849,0.043095339089632034,1.3160724639892578,,
21,,9899,0.06984644383192062,1.6031180620193481,,
21,,9949,0.09265368431806564,1.230764389038086,,
21,,9999,0.18128708004951477,0.8093137741088867,,
21,,10049,0.03236529231071472,1.4022016525268555,,
21,,10099,0.12063884735107422,0.8048522472381592,,
21,0.561225950717926,10119,,,0.34840163588523865,0.535575270652771
22,,10149,0.03661075234413147,1.0491588115692139,,
22,,10199,0.039618708193302155,1.2019116878509521,,
22,,10249,0.19173112511634827,1.317434549331665,,
22,,10299,0.0312715545296669,1.4273313283920288,,
22,,10349,0.03596852347254753,1.2618671655654907,,
22,,10399,0.01751844771206379,0.9836357831954956,,
22,,10449,0.3160320222377777,1.2706315517425537,,
22,,10499,0.05019121989607811,0.8864305019378662,,
22,,10549,0.029741866514086723,1.388254165649414,,
22,0.554840087890625,10579,,,0.3431968092918396,0.5399008393287659
23,,10599,0.08356399834156036,1.2610933780670166,,
23,,10649,0.09746059030294418,1.4042396545410156,,
23,,10699,0.047085896134376526,0.8374298810958862,,
23,,10749,0.02316139079630375,1.3633261919021606,,
23,,10799,0.020510559901595116,0.9687488079071045,,
23,,10849,0.08278590440750122,0.7184215784072876,,
23,,10899,0.09860225021839142,0.8293723464012146,,
23,,10949,0.14402462542057037,1.57428777217865,,
23,,10999,0.1068272814154625,1.0827912092208862,,
23,0.5645001530647278,11039,,,0.36306214332580566,0.3839755654335022
24,,11049,0.022029666230082512,1.1034862995147705,,
24,,11099,0.07364599406719208,0.7092869281768799,,
24,,11149,0.06430414319038391,0.8438246250152588,,
24,,11199,0.1692075878381729,0.871084451675415,,
24,,11249,0.10202997922897339,1.3061381578445435,,
24,,11299,0.14540009200572968,0.5485820174217224,,
24,,11349,0.01547707337886095,1.4615978002548218,,
24,,11399,0.10322633385658264,1.1716818809509277,,
24,,11449,0.028287388384342194,1.896314024925232,,
24,,11499,0.04041775315999985,0.9604013562202454,,
24,0.5650169253349304,11499,,,0.3443165719509125,0.46708762645721436
25,,11549,0.06439980864524841,1.569289207458496,,
25,,11599,0.03648176044225693,0.8140439391136169,,
25,,11649,0.10088583827018738,1.4658737182617188,,
25,,11699,0.16680921614170074,0.7926760315895081,,
25,,11749,0.02750982716679573,1.28450345993042,,
25,,11799,0.018545495346188545,1.0530413389205933,,
25,,11849,0.1508103758096695,0.786456286907196,,
25,,11899,0.027810674160718918,1.1150150299072266,,
25,,11949,0.03802919387817383,1.1961792707443237,,
25,0.5601189136505127,11959,,,0.40630924701690674,0.3833034634590149
26,,11999,0.02400922030210495,0.9335677027702332,,
26,,12049,0.15229225158691406,1.2771620750427246,,
26,,12099,0.023030517622828484,1.3580565452575684,,
26,,12149,0.017389168962836266,1.064718246459961,,
26,,12199,0.06048617511987686,0.8373647928237915,,
26,,12249,0.029840080067515373,1.1353535652160645,,
26,,12299,0.15669184923171997,0.6853212118148804,,
26,,12349,0.08407215774059296,1.0279892683029175,,
26,,12399,0.15232181549072266,0.4290797710418701,,
26,0.5525436401367188,12419,,,0.3246272802352905,0.5085508227348328
27,,12449,0.09577587246894836,0.951653242111206,,
27,,12499,0.03013584390282631,1.4719856977462769,,
27,,12549,0.05873493850231171,0.8133355975151062,,
27,,12599,0.07101479172706604,1.190549612045288,,
27,,12649,0.08283098042011261,1.0783089399337769,,
27,,12699,0.06451082974672318,0.8751046657562256,,
27,,12749,0.09916077554225922,0.9777566194534302,,
27,,12799,0.03694359213113785,1.3790788650512695,,
27,,12849,0.10961981117725372,0.577582597732544,,
27,0.5658655762672424,12879,,,0.3426482081413269,0.4711417555809021
28,,12899,0.056620899587869644,0.6060875654220581,,
28,,12949,0.07336167991161346,1.2408053874969482,,
28,,12999,0.015220760367810726,1.029944896697998,,
28,,13049,0.06105069816112518,0.958781898021698,,
28,,13099,0.07964479923248291,1.7268140316009521,,
28,,13149,0.016086788848042488,1.3220574855804443,,
28,,13199,0.12778541445732117,0.6904487013816833,,
28,,13249,0.06788627058267593,1.064023733139038,,
28,,13299,0.06164759024977684,0.7451181411743164,,
28,0.5532987117767334,13339,,,0.3382742404937744,0.4522247314453125
29,,13349,0.1676221340894699,1.1139357089996338,,
29,,13399,0.06031089276075363,1.817824363708496,,
29,,13449,0.027266129851341248,1.2185122966766357,,
29,,13499,0.04629131779074669,0.8745547533035278,,
29,,13549,0.03090878203511238,1.1752431392669678,,
29,,13599,0.04683384299278259,0.8785929679870605,,
29,,13649,0.028410062193870544,0.9151545763015747,,
29,,13699,0.020866217091679573,1.1119285821914673,,
29,,13749,0.02798839658498764,1.107677698135376,,
29,,13799,0.10761457681655884,1.3639010190963745,,
29,0.5609475374221802,13799,,,0.30239707231521606,0.4978306293487549
30,,13849,0.06775060296058655,0.4267691969871521,,
30,,13899,0.04009776934981346,1.1609044075012207,,
30,,13949,0.07279215008020401,0.7037647366523743,,
30,,13999,0.03633946180343628,1.4985241889953613,,
30,,14049,0.21349038183689117,1.0466060638427734,,
30,,14099,0.11796432733535767,0.7915948629379272,,
30,,14149,0.017945365980267525,1.4937947988510132,,
30,,14199,0.05012118071317673,1.191022276878357,,
30,,14249,0.08170457184314728,0.8293850421905518,,
30,0.568529486656189,14259,,,0.3403935134410858,0.4704211950302124
31,,14299,0.05423906445503235,1.130697250366211,,
31,,14349,0.3254433870315552,0.20343531668186188,,
31,,14399,0.28829237818717957,1.2355525493621826,,
31,,14449,0.031187256798148155,1.095786452293396,,
31,,14499,0.08843933790922165,1.4404876232147217,,
31,,14549,0.6992863416671753,0.581635594367981,,
31,,14599,0.01600138284265995,1.210308313369751,,
31,,14649,0.12068289518356323,2.5707154273986816,,
31,,14699,0.02701311931014061,1.4704480171203613,,
31,0.5695206522941589,14719,,,0.2979503870010376,0.5246376991271973
32,,14749,0.119069404900074,0.9018195867538452,,
32,,14799,0.036925699561834335,1.4673492908477783,,
32,,14849,0.03845589607954025,1.3337550163269043,,
32,,14899,0.19641812145709991,1.061079978942871,,
32,,14949,0.09524711966514587,0.8978951573371887,,
32,,14999,0.0158393532037735,1.192917823791504,,
32,,15049,0.15754291415214539,0.7382324934005737,,
32,,15099,0.036995306611061096,1.0776069164276123,,
32,,15149,0.03380132466554642,0.6829102039337158,,
32,0.5618852376937866,15179,,,0.35271334648132324,0.43094944953918457
33,,15199,0.050101861357688904,1.0458309650421143,,
33,,15249,0.06672313064336777,1.0711925029754639,,
33,,15299,0.04268712177872658,1.4267628192901611,,
33,,15349,0.022769484668970108,1.2696938514709473,,
33,,15399,0.04439162090420723,1.5151512622833252,,
33,,15449,0.014522027224302292,1.202579379081726,,
33,,15499,0.0969938412308693,1.0433974266052246,,
33,,15549,0.05351317673921585,0.9061762690544128,,
33,,15599,0.03540753945708275,1.6085909605026245,,
33,0.5557644367218018,15639,,,0.32808783650398254,0.3892896771430969
34,,15649,0.03144204616546631,0.8651853203773499,,
34,,15699,0.07144810259342194,1.0888882875442505,,
34,,15749,0.028168870136141777,1.4479615688323975,,
34,,15799,0.06266160309314728,0.8923536539077759,,
34,,15849,0.015526942908763885,1.036241054534912,,
34,,15899,0.06481574475765228,0.7507946491241455,,
34,,15949,0.020292675122618675,1.1349124908447266,,
34,,15999,0.13531643152236938,1.0021567344665527,,
34,,16049,0.04179660603404045,1.2426021099090576,,
34,,16099,0.10401870310306549,0.6782503128051758,,
34,0.5601590275764465,16099,,,0.39168697595596313,0.30589354038238525
35,,16149,0.117173932492733,1.8152495622634888,,
35,,16199,0.019067009910941124,0.7498361468315125,,
35,,16249,0.059531938284635544,0.6180292963981628,,
35,,16299,0.02548140287399292,1.3118468523025513,,
35,,16349,0.040191616863012314,1.6271915435791016,,
35,,16399,0.01782922074198723,1.1862753629684448,,
35,,16449,0.04711058735847473,0.8875697255134583,,
35,,16499,0.13758523762226105,1.4730653762817383,,
35,,16549,0.2672644257545471,0.4431195557117462,,
35,0.5538756251335144,16559,,,0.36068397760391235,0.5465383529663086
36,,16599,0.043757177889347076,0.9245457649230957,,
36,,16649,0.016102539375424385,0.9430887699127197,,
36,,16699,0.05348924547433853,0.808003842830658,,
36,,16749,0.017892776057124138,1.0101463794708252,,
36,,16799,0.022881150245666504,1.3521255254745483,,
36,,16849,0.09922812879085541,0.7147475481033325,,
36,,16899,0.04544895887374878,0.9213385581970215,,
36,,16949,0.02015426754951477,1.350926399230957,,
36,,16999,0.027157049626111984,0.8321384191513062,,
36,0.5544458031654358,17019,,,0.3178677558898926,0.41234880685806274
37,,17049,0.03222944587469101,1.0042157173156738,,
37,,17099,0.0184016153216362,0.9660226702690125,,
37,,17149,0.02272145263850689,1.3120757341384888,,
37,,17199,0.16004174947738647,0.409320592880249,,
37,,17249,0.01768352836370468,1.068286418914795,,
37,,17299,0.029562033712863922,1.0832024812698364,,
37,,17349,0.03989291936159134,1.2202174663543701,,
37,,17399,0.03141782432794571,1.0462068319320679,,
37,,17449,0.0643177479505539,0.7698415517807007,,
37,0.5862192511558533,17479,,,0.3575320541858673,0.2948998808860779
38,,17499,0.043726153671741486,0.6801018714904785,,
38,,17549,0.022153891623020172,0.9687542915344238,,
38,,17599,0.02224583923816681,1.1480433940887451,,
38,,17649,0.014341956004500389,1.0610100030899048,,
38,,17699,0.04171658679842949,1.1510326862335205,,
38,,17749,0.029077617451548576,1.1003233194351196,,
38,,17799,0.015887970104813576,1.042485237121582,,
38,,17849,0.04835951700806618,1.1741828918457031,,
38,,17899,0.07705240696668625,0.8224027156829834,,
38,0.5611991882324219,17939,,,0.3389725387096405,0.4900507926940918
39,,17949,0.12764570116996765,0.7963300347328186,,
39,,17999,0.11223761737346649,1.3864794969558716,,
39,,18049,0.013754857704043388,0.9891787171363831,,
39,,18099,0.05775219947099686,1.1155059337615967,,
39,,18149,0.031275488436222076,1.1394751071929932,,
39,,18199,0.051185138523578644,0.8604352474212646,,
39,,18249,0.026665033772587776,1.2529319524765015,,
39,,18299,0.03075942024588585,0.926084578037262,,
39,,18349,0.08200456947088242,1.1427428722381592,,
39,,18399,0.08727048337459564,1.1361417770385742,,
39,0.570335865020752,18399,,,0.3392615020275116,0.46228140592575073
40,,18449,0.11128074675798416,0.5829856991767883,,
40,,18499,0.05367179214954376,0.9326217174530029,,
40,,18549,0.025317121297121048,0.937067985534668,,
40,,18599,0.029471218585968018,1.0836089849472046,,
40,,18649,0.02839254029095173,1.1534759998321533,,
40,,18699,0.04359736293554306,0.7250275611877441,,
40,,18749,0.016625292599201202,0.9912264347076416,,
40,,18799,0.054433561861515045,0.7309384346008301,,
40,,18849,0.1238945946097374,0.7083110213279724,,
40,0.5780737996101379,18859,,,0.3521338105201721,0.34212353825569153
41,,18899,0.016028717160224915,1.1707298755645752,,
41,,18949,0.03077716752886772,1.356040596961975,,
41,,18999,0.20797717571258545,1.6031734943389893,,
41,,19049,0.04094741493463516,1.327265739440918,,
41,,19099,0.025254644453525543,1.0593492984771729,,
41,,19149,0.05348145216703415,0.8945876359939575,,
41,,19199,0.02444891631603241,1.4071619510650635,,
41,,19249,0.057511430233716965,1.1237640380859375,,
41,,19299,0.0404510572552681,1.2657105922698975,,
41,0.5761582255363464,19319,,,0.3738665282726288,0.3236865699291229
42,,19349,0.07997167855501175,1.0292901992797852,,
42,,19399,0.07056239247322083,1.054100751876831,,
42,,19449,0.06218189746141434,1.2107585668563843,,
42,,19499,0.050397492945194244,1.4432861804962158,,
42,,19549,0.04773298650979996,1.3081092834472656,,
42,,19599,0.03540438041090965,1.0004452466964722,,
42,,19649,0.03653417527675629,0.9956039190292358,,
42,,19699,0.11758723855018616,1.1027190685272217,,
42,,19749,0.07052309811115265,0.9389953017234802,,
42,0.5756281018257141,19779,,,0.35410717129707336,0.3601245582103729
43,,19799,0.024297401309013367,1.260730266571045,,
43,,19849,0.012501914985477924,1.5647541284561157,,
43,,19899,0.021788358688354492,1.3625469207763672,,
43,,19949,0.011250247247517109,1.0116775035858154,,
43,,19999,0.039902281016111374,0.948491096496582,,
43,,20049,0.10669118165969849,0.5369021892547607,,
43,,20099,0.09271924942731857,1.2579654455184937,,
43,,20149,0.027927694842219353,1.2067124843597412,,
43,,20199,0.09800295531749725,0.6159241199493408,,
43,0.5765925645828247,20239,,,0.34986501932144165,0.3198204040527344
44,,20249,0.05292535573244095,1.4991803169250488,,
44,,20299,0.09627003967761993,1.1783671379089355,,
44,,20349,0.0313555933535099,1.8703265190124512,,
44,,20399,0.023224253207445145,1.1048842668533325,,
44,,20449,0.020681804046034813,1.036047339439392,,
44,,20499,0.08384867012500763,1.4408512115478516,,
44,,20549,0.052313484251499176,1.208156943321228,,
44,,20599,0.02443229779601097,0.9832067489624023,,
44,,20649,0.019028494134545326,0.9075038433074951,,
44,,20699,0.07415628433227539,0.8325908184051514,,
44,0.5845821499824524,20699,,,0.35759279131889343,0.3992132246494293
45,,20749,0.11047148704528809,0.7195655107498169,,
45,,20799,0.08053778111934662,1.4878467321395874,,
45,,20849,0.058015938848257065,0.8049074411392212,,
45,,20899,0.023651279509067535,1.0222399234771729,,
45,,20949,0.04221537709236145,0.8954482078552246,,
45,,20999,0.025188513100147247,0.6115071773529053,,
45,,21049,0.020418638363480568,0.8506349921226501,,
45,,21099,0.06556784361600876,0.8703678846359253,,
45,,21149,0.01288302056491375,0.7901191711425781,,
45,0.5701799988746643,21159,,,0.3546482026576996,0.3875589668750763
46,,21199,0.016873199492692947,1.139164686203003,,
46,,21249,0.02025786228477955,0.9681904315948486,,
46,,21299,0.029023123905062675,1.2827832698822021,,
46,,21349,0.02223019488155842,0.7607223987579346,,
46,,21399,0.04033220186829567,0.8181028366088867,,
46,,21449,0.15740810334682465,0.5855566263198853,,
46,,21499,0.03492267429828644,0.8456312417984009,,
46,,21549,0.022451981902122498,1.1276047229766846,,
46,,21599,0.03535614535212517,0.9780901670455933,,
46,0.5624287128448486,21619,,,0.36688145995140076,0.45737358927726746
47,,21649,0.03811929374933243,0.9213940501213074,,
47,,21699,0.05275356024503708,0.8748371601104736,,
47,,21749,0.00901780091226101,1.0944536924362183,,
47,,21799,0.03022240288555622,1.0552327632904053,,
47,,21849,0.025284800678491592,0.9639832973480225,,
47,,21899,0.027317611500620842,0.8887977004051208,,
47,,21949,0.04454350844025612,1.04988694190979,,
47,,21999,0.0379326194524765,1.0176759958267212,,
47,,22049,0.01795370876789093,1.27358078956604,,
47,0.5737459659576416,22079,,,0.3657885491847992,0.2734929919242859
48,,22099,0.02835807204246521,1.3393514156341553,,
48,,22149,0.028148766607046127,1.2546812295913696,,
48,,22199,0.021454069763422012,1.2897335290908813,,
48,,22249,0.04644410312175751,0.867997407913208,,
48,,22299,0.018432915210723877,0.9938489198684692,,
48,,22349,0.022163009271025658,0.819449782371521,,
48,,22399,0.0096370168030262,0.9618781805038452,,
48,,22449,0.09188278764486313,1.0391267538070679,,
48,,22499,0.01713370531797409,1.1023411750793457,,
48,0.5561787486076355,22539,,,0.3846493661403656,0.389335572719574
49,,22549,0.017855916172266006,0.8917161226272583,,
49,,22599,0.0937817394733429,0.8316771388053894,,
49,,22649,0.025438087061047554,1.1369777917861938,,
49,,22699,0.020419584587216377,1.128536581993103,,
49,,22749,0.011287994682788849,1.367361307144165,,
49,,22799,0.21896427869796753,1.0520721673965454,,
49,,22849,0.019350145012140274,1.6604093313217163,,
49,,22899,0.09828495979309082,1.128804326057434,,
49,,22949,0.0647822767496109,0.7636210918426514,,
49,,22999,0.017663294449448586,0.6263625025749207,,
49,0.5644667744636536,22999,,,0.40770870447158813,0.2837304174900055
50,,23049,0.021842679008841515,0.9315801858901978,,
50,,23099,0.031525868922472,0.9390507936477661,,
50,,23149,0.04709494486451149,0.9403029084205627,,
50,,23199,0.10289835929870605,1.1695541143417358,,
50,,23249,0.07240088284015656,1.403445839881897,,
50,,23299,0.012726841494441032,1.1490777730941772,,
50,,23349,0.03599897027015686,0.8973945379257202,,
50,,23399,0.0903380811214447,1.0734124183654785,,
50,,23449,0.029597574844956398,1.0522441864013672,,
50,0.5704584121704102,23459,,,0.38070061802864075,0.31122156977653503
51,,23499,0.026537293568253517,1.1126928329467773,,
51,,23549,0.008516603149473667,1.2064003944396973,,
51,,23599,0.014042649418115616,1.1052231788635254,,
51,,23649,0.030945973470807076,0.6707926988601685,,
51,,23699,0.08258158713579178,0.6243966221809387,,
51,,23749,0.02734394557774067,0.7881110310554504,,
51,,23799,0.034638140350580215,1.1778210401535034,,
51,,23849,0.024648068472743034,1.402369499206543,,
51,,23899,0.014460943639278412,0.7515863180160522,,
51,0.5761983394622803,23919,,,0.37097546458244324,0.38770756125450134
52,,23949,0.1975371539592743,1.3209308385849,,
52,,23999,0.0646677315235138,1.137214183807373,,
52,,24049,0.09336549043655396,1.2467087507247925,,
52,,24099,0.17426486313343048,0.6149739027023315,,
52,,24149,0.07771888375282288,1.038049578666687,,
52,,24199,0.026436202228069305,1.1493126153945923,,
52,,24249,0.051188528537750244,0.871627926826477,,
52,,24299,0.047959648072719574,0.6215758919715881,,
52,,24349,0.051182057708501816,0.9498071670532227,,
52,0.5737125873565674,24379,,,0.4020955562591553,0.45999428629875183
53,,24399,0.03999783471226692,0.8635808229446411,,
53,,24449,0.23768164217472076,1.1786298751831055,,
53,,24499,0.04683271795511246,1.0165297985076904,,
53,,24549,0.012528236955404282,1.1199455261230469,,
53,,24599,0.10095719248056412,0.7323757410049438,,
53,,24649,0.015044858679175377,1.0173566341400146,,
53,,24699,0.014286123216152191,1.113792896270752,,
53,,24749,0.05947251617908478,0.6596821546554565,,
53,,24799,0.18588566780090332,1.2753779888153076,,
53,0.5684003233909607,24839,,,0.3482837378978729,0.32665833830833435
54,,24849,0.027228623628616333,1.036860704421997,,
54,,24899,0.005972533952444792,1.1002182960510254,,
54,,24949,0.0810965746641159,0.5020780563354492,,
54,,24999,0.02752934768795967,1.078744888305664,,
54,,25049,0.03265819698572159,1.2912441492080688,,
54,,25099,0.017123786732554436,0.7918616533279419,,
54,,25149,0.00989430584013462,1.2089760303497314,,
54,,25199,0.012199299409985542,0.9593592882156372,,
54,,25249,0.04801717400550842,1.3171446323394775,,
54,,25299,0.0755963921546936,0.7515150308609009,,
54,0.5795816779136658,25299,,,0.36804211139678955,0.4048345983028412
55,,25349,0.1587427705526352,1.7566683292388916,,
55,,25399,0.01677597127854824,0.835280179977417,,
55,,25449,0.008902732282876968,1.0833845138549805,,
55,,25499,0.06484225392341614,1.2423285245895386,,
55,,25549,0.014897698536515236,0.9816707372665405,,
55,,25599,0.034118156880140305,1.269261360168457,,
55,,25649,0.01840188167989254,1.1206971406936646,,
55,,25699,0.03188163414597511,1.0336496829986572,,
55,,25749,0.013214115053415298,0.8468456268310547,,
55,0.580390214920044,25759,,,0.3468039631843567,0.3957989811897278
56,,25799,0.10296744108200073,0.9995169043540955,,
56,,25849,0.024318767711520195,0.9433135986328125,,
56,,25899,0.017685599625110626,0.8603658080101013,,
56,,25949,0.03261947259306908,0.765739917755127,,
56,,25999,0.013171151280403137,1.7523748874664307,,
56,,26049,0.08902671933174133,0.7043887972831726,,
56,,26099,0.038233682513237,0.9915206432342529,,
56,,26149,0.025924937799572945,1.7475906610488892,,
56,,26199,0.014476988464593887,0.9101799130439758,,
56,0.5715787410736084,26219,,,0.3445013165473938,0.4385761022567749
57,,26249,0.05197262763977051,1.0165495872497559,,
57,,26299,0.035816535353660583,1.1792066097259521,,
57,,26349,0.013150598853826523,1.3185698986053467,,
57,,26399,0.013649635948240757,1.0310962200164795,,
57,,26449,0.016182338818907738,1.0963644981384277,,
57,,26499,0.02862432599067688,1.2887141704559326,,
57,,26549,0.0745897889137268,1.2564456462860107,,
57,,26599,0.016365118324756622,0.8110177516937256,,
57,,26649,0.07984913140535355,0.8084436655044556,,
57,0.5556753277778625,26679,,,0.37445083260536194,0.3971632719039917
58,,26699,0.032341182231903076,0.8089269399642944,,
58,,26749,0.010769044980406761,0.6914408802986145,,
58,,26799,0.02419496513903141,1.1888136863708496,,
58,,26849,0.029240965843200684,0.9121476411819458,,
58,,26899,0.031508564949035645,0.9725449085235596,,
58,,26949,0.02903703972697258,0.9624805450439453,,
58,,26999,0.09669150412082672,0.691834568977356,,
58,,27049,0.0284181609749794,1.2735542058944702,,
58,,27099,0.03786267340183258,1.2473887205123901,,
58,0.564765214920044,27139,,,0.3762417137622833,0.3784908950328827
59,,27149,0.018793709576129913,1.036865472793579,,
59,,27199,0.06343140453100204,0.9547720551490784,,
59,,27249,0.017060086131095886,1.2896887063980103,,
59,,27299,0.01988481543958187,0.8656080365180969,,
59,,27349,0.07090558856725693,0.8266696929931641,,
59,,27399,0.03228524699807167,1.257404088973999,,
59,,27449,0.052157044410705566,1.2647038698196411,,
59,,27499,0.01662210002541542,1.0299994945526123,,
59,,27549,0.024957943707704544,1.039898157119751,,
59,,27599,0.03837912902235985,1.2227838039398193,,
59,0.5722313523292542,27599,,,0.3507438004016876,0.3681032657623291
60,,27649,0.011789497919380665,1.026091456413269,,
60,,27699,0.011625995859503746,0.9775869250297546,,
60,,27749,0.02631073072552681,1.1280066967010498,,
60,,27799,0.0030179289169609547,0.9827306866645813,,
60,,27849,0.06113068014383316,1.2862532138824463,,
60,,27899,0.05767238885164261,0.7184278964996338,,
60,,27949,0.024925490841269493,1.362597107887268,,
60,,27999,0.02069695107638836,1.4262971878051758,,
60,,28049,0.026650704443454742,0.9714524745941162,,
60,0.5627071261405945,28059,,,0.3576377332210541,0.48711854219436646
61,,28099,0.03330673277378082,1.1760966777801514,,
61,,28149,0.013827413320541382,1.459075927734375,,
61,,28199,0.020277690142393112,0.9961957931518555,,
61,,28249,0.03719024360179901,0.9147517085075378,,
61,,28299,0.009404008276760578,1.1962430477142334,,
61,,28349,0.038155823945999146,1.242089867591858,,
61,,28399,0.023598264902830124,1.1223223209381104,,
61,,28449,0.11124555766582489,0.9718088507652283,,
61,,28499,0.027266819030046463,1.1123566627502441,,
61,0.5533187985420227,28519,,,0.3817746639251709,0.2634258568286896
62,,28549,0.029790475964546204,0.9555069208145142,,
62,,28599,0.06733091175556183,0.7615914344787598,,
62,,28649,0.020823629572987556,1.0444715023040771,,
62,,28699,0.0166991725564003,1.2523142099380493,,
62,,28749,0.03688380494713783,1.2637007236480713,,
62,,28799,0.00824689120054245,0.6387789249420166,,
62,,28849,0.015688899904489517,1.1734473705291748,,
62,,28899,0.05628180876374245,1.4666047096252441,,
62,,28949,0.02004687301814556,1.0350733995437622,,
62,0.5701866745948792,28979,,,0.3735625445842743,0.3950788974761963
63,,28999,0.01866862177848816,0.8945462703704834,,
63,,29049,0.014883840456604958,1.430241346359253,,
63,,29099,0.012678958475589752,1.0757280588150024,,
63,,29149,0.028686217963695526,0.7948862314224243,,
63,,29199,0.08789931982755661,0.7717757225036621,,
63,,29249,0.0767994374036789,1.19619619846344,,
63,,29299,0.041356638073921204,1.2434724569320679,,
63,,29349,0.08160938322544098,0.8317139148712158,,
63,,29399,0.025366883724927902,0.8147189617156982,,
63,0.5631014108657837,29439,,,0.398764967918396,0.3606202304363251
64,,29449,0.009976414032280445,0.9788742661476135,,
64,,29499,0.04351969435811043,1.2002110481262207,,
64,,29549,0.03764495253562927,1.4336609840393066,,
64,,29599,0.03630874305963516,0.8946596384048462,,
64,,29649,0.08848990499973297,1.3030506372451782,,
64,,29699,0.02636570669710636,1.3360438346862793,,
64,,29749,0.02332739159464836,1.520939588546753,,
64,,29799,0.02143802121281624,1.0394459962844849,,
64,,29849,0.016245447099208832,1.1326570510864258,,
64,,29899,0.07181219756603241,1.14813232421875,,
64,0.5662397742271423,29899,,,0.3605983555316925,0.39012610912323
65,,29949,0.035356175154447556,1.0472661256790161,,
65,,29999,0.024980761110782623,1.0627728700637817,,
65,,30049,0.04180319234728813,1.129806399345398,,
65,,30099,0.008448545821011066,1.3882389068603516,,
65,,30149,0.016057701781392097,1.5199458599090576,,
65,,30199,0.007142187096178532,1.0538718700408936,,
65,,30249,0.05093884468078613,1.369616985321045,,
65,,30299,0.0158073827624321,0.9357094168663025,,
65,,30349,0.023350948467850685,0.8008373975753784,,
65,0.5621770024299622,30359,,,0.36915141344070435,0.3373500108718872
66,,30399,0.020304707810282707,0.9361468553543091,,
66,,30449,0.056400641798973083,1.0286972522735596,,
66,,30499,0.014252303168177605,0.8794677257537842,,
66,,30549,0.011940627358853817,1.2939300537109375,,
66,,30599,0.010537464171648026,0.9485525488853455,,
66,,30649,0.017759911715984344,1.0850932598114014,,
66,,30699,0.035170938819646835,1.1840187311172485,,
66,,30749,0.1313592493534088,0.6529567241668701,,
66,,30799,0.02228531613945961,1.0566108226776123,,
66,0.5533388257026672,30819,,,0.36913740634918213,0.4027801752090454
67,,30849,0.010365961119532585,1.5936574935913086,,
67,,30899,0.023861128836870193,1.4974098205566406,,
67,,30949,0.004850967787206173,1.164300560951233,,
67,,30999,0.04529848322272301,1.2579317092895508,,
67,,31049,0.013393758796155453,0.8989484310150146,,
67,,31099,0.023898456245660782,1.637040138244629,,
67,,31149,0.052887577563524246,1.0103821754455566,,
67,,31199,0.025803282856941223,0.7502527832984924,,
67,,31249,0.045747991651296616,0.7572485208511353,,
67,0.5561854243278503,31279,,,0.342843621969223,0.4396323263645172
68,,31299,0.020566947758197784,0.928073525428772,,
68,,31349,0.024584196507930756,0.9581685066223145,,
68,,31399,0.008698416873812675,0.9727134704589844,,
68,,31449,0.017182722687721252,1.0194103717803955,,
68,,31499,0.013162318617105484,0.950945258140564,,
68,,31549,0.01639130897819996,0.8742126226425171,,
68,,31599,0.1134016290307045,0.6775698661804199,,
68,,31649,0.046369582414627075,1.291651725769043,,
68,,31699,0.023520607501268387,1.0750707387924194,,
68,0.554710865020752,31739,,,0.36604252457618713,0.38425809144973755
69,,31749,0.033965472131967545,1.0149080753326416,,
69,,31799,0.035648852586746216,1.2013524770736694,,
69,,31849,0.008874418213963509,1.1251044273376465,,
69,,31899,0.05845923721790314,0.5368430018424988,,
69,,31949,0.008897705003619194,1.152044653892517,,
69,,31999,0.028736960142850876,1.0608465671539307,,
69,,32049,0.014251219108700752,1.260777235031128,,
69,,32099,0.019287407398223877,1.0948045253753662,,
69,,32149,0.06327839940786362,0.7782288193702698,,
69,,32199,0.050556883215904236,1.1970388889312744,,
69,0.5730466246604919,32199,,,0.3551602363586426,0.3586898446083069
70,,32249,0.0928819328546524,1.2533035278320312,,
70,,32299,0.007987145334482193,1.0618399381637573,,
70,,32349,0.0063369558192789555,1.2660270929336548,,
70,,32399,0.009048339910805225,0.9966217279434204,,
70,,32449,0.039270348846912384,0.8324519991874695,,
70,,32499,0.04099355265498161,0.9035984873771667,,
70,,32549,0.0619741789996624,0.7697595953941345,,
70,,32599,0.04367947578430176,1.1111434698104858,,
70,,32649,0.02590230666100979,0.8440219759941101,,
70,0.5545750260353088,32659,,,0.37118691205978394,0.37885352969169617
71,,32699,0.013206477276980877,1.0285296440124512,,
71,,32749,0.02887963131070137,1.5031943321228027,,
71,,32799,0.020588185638189316,0.9185361862182617,,
71,,32849,0.02799222618341446,1.1966941356658936,,
71,,32899,0.0074957795441150665,1.0524729490280151,,
71,,32949,0.01868646964430809,1.0484404563903809,,
71,,32999,0.016190815716981888,1.2992572784423828,,
71,,33049,0.014045268297195435,1.1865763664245605,,
71,,33099,0.012582777068018913,0.8912209868431091,,
71,0.555927038192749,33119,,,0.3799179494380951,0.351860910654068
72,,33149,0.011296771466732025,1.2976322174072266,,
72,,33199,0.04349028691649437,1.005934476852417,,
72,,33249,0.014327870681881905,0.8206756711006165,,
72,,33299,0.03474367782473564,0.8473518490791321,,
72,,33349,0.013744477182626724,1.0842952728271484,,
72,,33399,0.016453545540571213,1.2038687467575073,,
72,,33449,0.07247409969568253,0.8034937381744385,,
72,,33499,0.02971743233501911,0.7065344452857971,,
72,,33549,0.007246746681630611,1.0427806377410889,,
72,0.566123902797699,33579,,,0.3619491457939148,0.34202849864959717
73,,33599,0.010515620931982994,1.316153883934021,,
73,,33649,0.00884653627872467,0.9815347194671631,,
73,,33699,0.08700717985630035,1.245047688484192,,
73,,33749,0.018591420724987984,0.8910495638847351,,
73,,33799,0.05963774025440216,0.7859938144683838,,
73,,33849,0.005396043881773949,1.028944969177246,,
73,,33899,0.02068479172885418,0.9178101420402527,,
73,,33949,0.029658326879143715,1.1125187873840332,,
73,,33999,0.02872089482843876,1.0730174779891968,,
73,0.5690929889678955,34039,,,0.4112684726715088,0.39247721433639526
74,,34049,0.007918360643088818,1.124711513519287,,
74,,34099,0.017159419134259224,1.2089216709136963,,
74,,34149,0.00964634120464325,0.9644043445587158,,
74,,34199,0.009975753724575043,0.9063969850540161,,
74,,34249,0.01885148324072361,1.0344715118408203,,
74,,34299,0.016553035005927086,0.8672907948493958,,
74,,34349,0.06462334096431732,0.9925789833068848,,
74,,34399,0.010910393670201302,1.261758804321289,,
74,,34449,0.19407734274864197,0.4917920231819153,,
74,,34499,0.01511100959032774,0.951365053653717,,
74,0.5598872900009155,34499,,,0.36835920810699463,0.3543093800544739
75,,34549,0.04398822784423828,1.4523441791534424,,
75,,34599,0.16348442435264587,1.3311543464660645,,
75,,34649,0.012026841752231121,1.024318814277649,,
75,,34699,0.023617561906576157,1.59592604637146,,
75,,34749,0.022662127390503883,1.1329712867736816,,
75,,34799,0.005189473275095224,0.9277802109718323,,
75,,34849,0.005639101378619671,1.0595648288726807,,
75,,34899,0.0639304667711258,0.9567321538925171,,
75,,34949,0.006569056771695614,1.1141862869262695,,
75,0.5571832656860352,34959,,,0.4033752381801605,0.3372330665588379
76,,34999,0.02570255845785141,1.0373404026031494,,
76,,35049,0.030215954408049583,1.2709245681762695,,
76,,35099,0.018064234405755997,1.119496464729309,,
76,,35149,0.05175936967134476,1.0280394554138184,,
76,,35199,0.0639781802892685,0.9319241046905518,,
76,,35249,0.01765412464737892,0.720518171787262,,
76,,35299,0.03758529946208,0.8221224546432495,,
76,,35349,0.034579262137413025,1.026591181755066,,
76,,35399,0.031183822080492973,1.0037999153137207,,
76,0.5714295506477356,35419,,,0.3823721408843994,0.29316651821136475
77,,35449,0.018722111359238625,0.8730850219726562,,
77,,35499,0.08184812217950821,0.49834534525871277,,
77,,35549,0.018502013757824898,1.1406285762786865,,
77,,35599,0.14596028625965118,1.2956699132919312,,
77,,35649,0.02746928110718727,1.4370715618133545,,
77,,35699,0.050532903522253036,0.9406789541244507,,
77,,35749,0.11515377461910248,0.648539662361145,,
77,,35799,0.01472525019198656,0.9505062699317932,,
77,,35849,0.013171598315238953,1.218794584274292,,
77,0.5765925645828247,35879,,,0.35374560952186584,0.4174889028072357
78,,35899,0.03710358589887619,0.9569113254547119,,
78,,35949,0.10443990677595139,1.3232977390289307,,
78,,35999,0.008484790101647377,1.0284655094146729,,
78,,36049,0.016146782785654068,1.4563579559326172,,
78,,36099,0.024507850408554077,1.044087529182434,,
78,,36149,0.01896941475570202,1.0597093105316162,,
78,,36199,0.012212766334414482,1.0375436544418335,,
78,,36249,0.15592752397060394,0.6068175435066223,,
78,,36299,0.18091756105422974,0.5583481192588806,,
78,0.5619943737983704,36339,,,0.38551849126815796,0.36533984541893005
79,,36349,0.008449186570942402,1.2570565938949585,,
79,,36399,0.01076485589146614,1.1713099479675293,,
79,,36449,0.01351024117320776,1.0541648864746094,,
79,,36499,0.007415718864649534,1.0015530586242676,,
79,,36549,0.03523141145706177,1.2195560932159424,,
79,,36599,0.007985330186784267,1.2179701328277588,,
79,,36649,0.013740096241235733,1.107436180114746,,
79,,36699,0.021588345989584923,1.1438428163528442,,
79,,36749,0.022401943802833557,1.511513590812683,,
79,,36799,0.05671446770429611,1.2027899026870728,,
79,0.5575574636459351,36799,,,0.42593151330947876,0.44917720556259155
80,,36849,0.011476809158921242,1.1910698413848877,,
80,,36899,0.10148061811923981,1.0105807781219482,,
80,,36949,0.03787694498896599,0.7555744051933289,,
80,,36999,0.03200265392661095,1.2424606084823608,,
80,,37049,0.008647951297461987,0.9990206956863403,,
80,,37099,0.06025095656514168,1.0137858390808105,,
80,,37149,0.03457466885447502,1.021643877029419,,
80,,37199,0.024281691759824753,0.916447639465332,,
80,,37249,0.04536891356110573,1.1089379787445068,,
80,0.5750846266746521,37259,,,0.38622817397117615,0.3665837347507477
81,,37299,0.06124575808644295,0.8317345380783081,,
81,,37349,0.033145319670438766,0.9066030383110046,,
81,,37399,0.07276049256324768,0.8532621264457703,,
81,,37449,0.011238690465688705,1.0404748916625977,,
81,,37499,0.021225832402706146,0.9680894017219543,,
81,,37549,0.014831272885203362,0.9775918126106262,,
81,,37599,0.009490867145359516,1.020901083946228,,
81,,37649,0.007539235055446625,1.096184253692627,,
81,,37699,0.01595461554825306,1.1649237871170044,,
81,0.552666187286377,37719,,,0.36170122027397156,0.35418370366096497
82,,37749,0.046303197741508484,0.9558658599853516,,
82,,37799,0.020846031606197357,0.8163726329803467,,
82,,37849,0.01630319282412529,1.29072904586792,,
82,,37899,0.015302907675504684,0.8775473833084106,,
82,,37949,0.009530292823910713,1.0691657066345215,,
82,,37999,0.01081778109073639,0.9800817966461182,,
82,,38049,0.024493014439940453,1.1590461730957031,,
82,,38099,0.15440744161605835,0.48813965916633606,,
82,,38149,0.037039488554000854,0.9357327222824097,,
82,0.5657296776771545,38179,,,0.3499263525009155,0.4467081129550934
83,,38199,0.01117989607155323,0.9936621785163879,,
83,,38249,0.02308214083313942,1.142486810684204,,
83,,38299,0.04807528108358383,1.0404303073883057,,
83,,38349,0.011245831847190857,1.0289195775985718,,
83,,38399,0.01313196960836649,0.9588063359260559,,
83,,38449,0.0097717996686697,1.0756431818008423,,
83,,38499,0.05222877115011215,0.6456430554389954,,
83,,38549,0.10839114338159561,0.8071095943450928,,
83,,38599,0.013637181371450424,0.9344526529312134,,
83,0.5534880757331848,38639,,,0.40388432145118713,0.3438118100166321
84,,38649,0.007480170577764511,0.9674499034881592,,
84,,38699,0.01951981708407402,0.6956751346588135,,
84,,38749,0.01162206381559372,0.6700839996337891,,
84,,38799,0.011070162989199162,0.8674570322036743,,
84,,38849,0.02297249436378479,0.9941302537918091,,
84,,38899,0.0074780769646167755,1.3811662197113037,,
84,,38949,0.030026724562048912,0.9399104118347168,,
84,,38999,0.01638178341090679,0.9845872521400452,,
84,,39049,0.023210152983665466,1.1567796468734741,,
84,,39099,0.0453316867351532,0.6962611079216003,,
84,0.5689705014228821,39099,,,0.37014272809028625,0.3407990634441376
85,,39149,0.1260160356760025,0.5907262563705444,,
85,,39199,0.07511046528816223,1.1958515644073486,,
85,,39249,0.010417206212878227,1.226152777671814,,
85,,39299,0.035009220242500305,0.7353652715682983,,
85,,39349,0.06596551090478897,0.9886589050292969,,
85,,39399,0.17233064770698547,0.9444923996925354,,
85,,39449,0.01040713582187891,1.0595693588256836,,
85,,39499,0.03062535636126995,0.9037905931472778,,
85,,39549,0.07418623566627502,0.6195927858352661,,
85,0.5752338767051697,39559,,,0.3923037052154541,0.3881736993789673
86,,39599,0.06720959395170212,0.56288743019104,,
86,,39649,0.0065472545102238655,1.0732308626174927,,
86,,39699,0.09686976671218872,1.274255394935608,,
86,,39749,0.09044133126735687,0.9418558478355408,,
86,,39799,0.007434540428221226,0.9960683584213257,,
86,,39849,0.046272777020931244,0.931491494178772,,
86,,39899,0.02040615677833557,0.8018869161605835,,
86,,39949,0.00891437754034996,1.4595483541488647,,
86,,39999,0.05090939626097679,1.217057466506958,,
86,0.550628125667572,40019,,,0.39278072118759155,0.33680015802383423
87,,40049,0.0084878234192729,1.213253140449524,,
87,,40099,0.04365641623735428,1.2024459838867188,,
87,,40149,0.3891158103942871,1.350447177886963,,
87,,40199,0.03431722894310951,0.88128662109375,,
87,,40249,0.005351908504962921,1.1232845783233643,,
87,,40299,0.007923159748315811,0.9546298980712891,,
87,,40349,0.008719307370483875,1.2495216131210327,,
87,,40399,0.0115204481408,1.116166114807129,,
87,,40449,0.056783415377140045,0.6405148506164551,,
87,0.5650637149810791,40479,,,0.36541739106178284,0.4196300506591797
88,,40499,0.03376319259405136,0.7689396739006042,,
88,,40549,0.09345225244760513,1.2414672374725342,,
88,,40599,0.012310892343521118,1.2816832065582275,,
88,,40649,0.039875417947769165,0.8148558139801025,,
88,,40699,0.034280430525541306,1.2928805351257324,,
88,,40749,0.03948341682553291,0.8031202554702759,,
88,,40799,0.04795747995376587,1.2642333507537842,,
88,,40849,0.008777255192399025,1.0124008655548096,,
88,,40899,0.013533788733184338,1.0620505809783936,,
88,0.5578292012214661,40939,,,0.393239825963974,0.350889652967453
89,,40949,0.007415353786200285,0.8539952039718628,,
89,,40999,0.012652449309825897,0.9409992694854736,,
89,,41049,0.017109474167227745,1.1395280361175537,,
89,,41099,0.0912611186504364,0.7673777937889099,,
89,,41149,0.037262413650751114,1.0607833862304688,,
89,,41199,0.0683172196149826,0.5256061553955078,,
89,,41249,0.03302166238427162,1.1469101905822754,,
89,,41299,0.03408477082848549,1.4267324209213257,,
89,,41349,0.04578610882163048,0.9329397082328796,,
89,,41399,0.011794653721153736,1.205984354019165,,
89,0.5661306381225586,41399,,,0.3807196319103241,0.3081881105899811
90,,41449,0.04843262955546379,0.9962915778160095,,
90,,41499,0.005410433746874332,1.118338704109192,,
90,,41549,0.005766232497990131,1.1090102195739746,,
90,,41599,0.029132239520549774,1.0337151288986206,,
90,,41649,0.027109568938612938,0.8121927976608276,,
90,,41699,0.012153713032603264,0.8676031827926636,,
90,,41749,0.03876004368066788,1.2885165214538574,,
90,,41799,0.12027743458747864,0.7536308765411377,,
90,,41849,0.0210809875279665,0.9494306445121765,,
90,0.5793166160583496,41859,,,0.3660658001899719,0.3237202763557434
91,,41899,0.07665535807609558,0.663924515247345,,
91,,41949,0.012130451388657093,0.9797312021255493,,
91,,41999,0.06380543857812881,0.8889932036399841,,
91,,42049,0.019098207354545593,1.2494556903839111,,
91,,42099,0.009068820625543594,1.159929871559143,,
91,,42149,0.02724926546216011,1.1496424674987793,,
91,,42199,0.0561436265707016,1.008202075958252,,
91,,42249,0.020504143089056015,0.9366891384124756,,
91,,42299,0.04327116906642914,1.2053947448730469,,
91,0.568529486656189,42319,,,0.39919355511665344,0.39004936814308167
92,,42349,0.020131593570113182,0.9211137294769287,,
92,,42399,0.008509619161486626,0.7533969879150391,,
92,,42449,0.01699819415807724,0.9091700315475464,,
92,,42499,0.008512542583048344,0.9626326560974121,,
92,,42549,0.04687534645199776,1.0423307418823242,,
92,,42599,0.0172246266156435,1.3012185096740723,,
92,,42649,0.022171400487422943,1.1319677829742432,,
92,,42699,0.07969193905591965,0.7234609723091125,,
92,,42749,0.01560104452073574,0.9409025311470032,,
92,0.5677343010902405,42779,,,0.38136887550354004,0.40826699137687683
93,,42799,0.01690462976694107,1.1426515579223633,,
93,,42849,0.1460770219564438,0.9029569625854492,,
93,,42899,0.02891373448073864,0.7449200749397278,,
93,,42949,0.0709013044834137,0.8185392618179321,,
93,,42999,0.011078465729951859,0.8687951564788818,,
93,,43049,0.018933042883872986,1.2129569053649902,,
93,,43099,0.00792327057570219,0.9330071210861206,,
93,,43149,0.016910729929804802,0.9795033931732178,,
93,,43199,0.019988302141427994,0.9551844000816345,,
93,0.5772518515586853,43239,,,0.38104790449142456,0.29578399658203125
94,,43249,0.018560536205768585,1.1274585723876953,,
94,,43299,0.014252845197916031,0.8257328271865845,,
94,,43349,0.006518753245472908,1.3914697170257568,,
94,,43399,0.010146144777536392,1.1422655582427979,,
94,,43449,0.008309805765748024,1.1153771877288818,,
94,,43499,0.009949049912393093,0.9700850248336792,,
94,,43549,0.011093752458691597,0.7951933145523071,,
94,,43599,0.010796541348099709,1.0476486682891846,,
94,,43649,0.03348119556903839,1.3345297574996948,,
94,,43699,0.0452105887234211,0.8555706739425659,,
94,0.5672041773796082,43699,,,0.3787793815135956,0.35075047612190247
95,,43749,0.009418792091310024,0.9928146600723267,,
95,,43799,0.017054162919521332,1.0709460973739624,,
95,,43849,0.02256380021572113,0.8193274736404419,,
95,,43899,0.010364862158894539,1.0499799251556396,,
95,,43949,0.020132316276431084,0.9620588421821594,,
95,,43999,0.011625075712800026,0.9533127546310425,,
95,,44049,0.01535583846271038,0.9273630380630493,,
95,,44099,0.05966817960143089,1.0518434047698975,,
95,,44149,0.015277490019798279,0.9580835700035095,,
95,0.5681686401367188,44159,,,0.4144841134548187,0.41752782464027405
96,,44199,0.013476804830133915,1.217151165008545,,
96,,44249,0.02908075973391533,1.0738959312438965,,
96,,44299,0.048339199274778366,1.1731343269348145,,
96,,44349,0.005419725552201271,0.9996750354766846,,
96,,44399,0.023642709478735924,1.1273008584976196,,
96,,44449,0.018632017076015472,0.6116046905517578,,
96,,44499,0.030141115188598633,1.4296088218688965,,
96,,44549,0.07268624752759933,1.119293212890625,,
96,,44599,0.014848641119897366,0.8943871259689331,,
96,0.5770002007484436,44619,,,0.393871009349823,0.3751241862773895
97,,44649,0.01699250191450119,0.7493133544921875,,
97,,44699,0.019545240327715874,1.3732863664627075,,
97,,44749,0.010024513117969036,1.005521297454834,,
97,,44799,0.013441957533359528,1.2586236000061035,,
97,,44849,0.024345235899090767,1.0052567720413208,,
97,,44899,0.07803237438201904,1.42715585231781,,
97,,44949,0.008499600924551487,1.4320622682571411,,
97,,44999,0.008426200598478317,1.099135398864746,,
97,,45049,0.066492460668087,0.9192869663238525,,
97,0.5626113414764404,45079,,,0.3687577247619629,0.29809635877609253
98,,45099,0.05427992343902588,1.022594690322876,,
98,,45149,0.011881427839398384,1.0087450742721558,,
98,,45199,0.028925424441695213,0.7042086720466614,,
98,,45249,0.006906813010573387,1.2132155895233154,,
98,,45299,0.011510353535413742,1.0359227657318115,,
98,,45349,0.022718556225299835,0.9579938054084778,,
98,,45399,0.015108776278793812,1.025321125984192,,
98,,45449,0.025157293304800987,0.9342974424362183,,
98,,45499,0.015025454573333263,0.9442390203475952,,
98,0.5647718906402588,45539,,,0.3865153193473816,0.39794331789016724
99,,45549,0.0295754112303257,1.0272252559661865,,
99,,45599,0.06352953612804413,1.3853399753570557,,
99,,45649,0.010847136378288269,0.9942671656608582,,
99,,45699,0.006201051641255617,1.047048568725586,,
99,,45749,0.003913783002644777,1.138017177581787,,
99,,45799,0.02399902045726776,0.9274097681045532,,
99,,45849,0.01705373078584671,0.7266443967819214,,
99,,45899,0.011048933491110802,1.2661943435668945,,
99,,45949,0.0072457315400242805,1.1007121801376343,,
99,,45999,0.01285017840564251,1.1603769063949585,,
99,0.5612125992774963,45999,,,0.40015360713005066,0.30237123370170593
