epoch,step,train_discriminator_accuracy,train_discriminator_loss,train_generator_loss,validation_discriminator_accuracy,validation_discriminator_loss,validation_generator_loss
0,21,,,,1.0,1.3734601736068726,0.6974700689315796
1,43,,,,1.0,0.9907756447792053,0.7045212388038635
2,49,1.0,1.1326664686203003,0.7011862993240356,,,
2,65,,,,1.0,0.9516250491142273,0.6983231902122498
3,87,,,,1.0,0.905664324760437,0.7089625597000122
4,99,1.0,1.0577027797698975,0.7247333526611328,,,
4,109,,,,1.0,0.8892297744750977,0.7175338268280029
5,131,,,,1.0,0.8568312525749207,0.7196362614631653
6,149,1.0,1.043233871459961,0.7011414170265198,,,
6,153,,,,1.0,0.8996457457542419,0.7279158234596252
7,175,,,,1.0,0.8466258645057678,0.7360892295837402
8,197,,,,1.0,0.9138138890266418,0.7453738451004028
9,199,1.0,1.0509852170944214,0.7097269892692566,,,
9,219,,,,1.0,0.9417958855628967,0.7165935635566711
10,241,,,,1.0,0.9974920153617859,0.7441580891609192
11,249,1.0,1.0656561851501465,0.7143429517745972,,,
11,263,,,,0.5,0.9848504066467285,0.686495840549469
12,285,,,,1.0,0.9998202919960022,0.7850157618522644
13,299,1.0,1.0777894258499146,0.729915201663971,,,
13,307,,,,1.0,1.0725282430648804,0.7070460915565491
14,329,,,,1.0,1.0560476779937744,0.7710146903991699
15,349,1.0,1.0519495010375977,0.7801353931427002,,,
15,351,,,,1.0,1.082417368888855,0.7085112929344177
16,373,,,,0.4714285714285714,1.3355551958084106,0.6736257076263428
17,395,,,,0.9714285714285714,1.2172869443893433,0.7360087633132935
18,399,0.46875,1.2439422607421875,0.9052412509918213,,,
18,417,,,,0.7142857142857143,1.3923619985580444,0.7240960001945496
19,439,,,,0.5714285714285714,1.507713794708252,0.7439234256744385
20,449,0.75,1.2939573526382446,0.8037962913513184,,,
20,461,,,,0.32857142857142857,1.4153136014938354,0.6392526626586914
21,483,,,,0.18571428571428572,1.4196785688400269,0.668467104434967
22,499,0.5,1.3998041152954102,0.7184626460075378,,,
22,505,,,,0.44285714285714284,1.4573028087615967,0.7060934901237488
23,527,,,,0.11428571428571428,1.4059971570968628,0.6869800090789795
24,549,0.32142857142857145,1.3973875045776367,0.6910659074783325,,,
24,549,,,,0.3,1.401915431022644,0.6717798113822937
25,571,,,,0.6857142857142857,1.3783531188964844,0.704615592956543
26,593,,,,0.6571428571428571,1.3720746040344238,0.7134829163551331
27,599,0.75,1.360287070274353,0.7198969721794128,,,
27,615,,,,0.5857142857142857,1.3715801239013672,0.7089173197746277
28,637,,,,0.5142857142857142,1.3859583139419556,0.7389160394668579
29,649,0.5,1.378589153289795,0.7212164998054504,,,
29,659,,,,0.42857142857142855,1.3929404020309448,0.6812340617179871
30,681,,,,0.4142857142857143,1.4004417657852173,0.6648619771003723
31,699,0.71875,1.3634886741638184,0.721738338470459,,,
31,703,,,,0.5428571428571428,1.380506992340088,0.6776365041732788
32,725,,,,0.5571428571428572,1.3788200616836548,0.673828661441803
33,747,,,,0.3142857142857143,1.4142979383468628,0.6720693111419678
34,749,0.53125,1.3784689903259277,0.6939911246299744,,,
34,769,,,,0.4142857142857143,1.4018759727478027,0.6848522424697876
35,791,,,,0.5285714285714286,1.3787033557891846,0.680030345916748
36,799,0.125,1.4129459857940674,0.7126315236091614,,,
36,813,,,,0.5142857142857142,1.3765467405319214,0.6872178316116333
37,835,,,,0.5571428571428572,1.3862582445144653,0.6970751285552979
38,849,0.4375,1.391822338104248,0.7210104465484619,,,
38,857,,,,0.6857142857142857,1.3612759113311768,0.7293274998664856
39,879,,,,0.5285714285714286,1.376008152961731,0.687297523021698
40,899,0.71875,1.3555850982666016,0.7434986233711243,,,
40,901,,,,0.4857142857142857,1.360677719116211,0.6607794761657715
41,923,,,,0.22857142857142856,1.4163199663162231,0.6672648191452026
42,945,,,,0.5,1.402402400970459,0.696026623249054
43,949,0.53125,1.384194254875183,0.7420094609260559,,,
43,967,,,,0.5428571428571428,1.380771279335022,0.7155031561851501
44,989,,,,0.5857142857142857,1.3690203428268433,0.7508870363235474
45,999,0.59375,1.3756470680236816,0.7558895945549011,,,
45,1011,,,,0.4,1.3911625146865845,0.6996647119522095
46,1033,,,,0.8,1.3373430967330933,0.7157509922981262
47,1049,0.59375,1.3670387268066406,0.7333557605743408,,,
47,1055,,,,0.6714285714285714,1.3612134456634521,0.7162554860115051
48,1077,,,,0.4857142857142857,1.3858006000518799,0.7040955424308777
49,1099,0.5,1.3412574529647827,0.7681481242179871,,,
49,1099,,,,0.5714285714285714,1.3676992654800415,0.7333326935768127
50,1121,,,,0.5714285714285714,1.3776108026504517,0.7101136445999146
51,1143,,,,0.4714285714285714,1.3969391584396362,0.7217215299606323
52,1149,0.59375,1.3753931522369385,0.7232849597930908,,,
52,1165,,,,0.4857142857142857,1.3939454555511475,0.7048458456993103
53,1187,,,,0.38571428571428573,1.4232373237609863,0.6773359179496765
54,1199,0.6875,1.3547146320343018,0.7191286087036133,,,
54,1209,,,,0.6714285714285714,1.357880711555481,0.6871655583381653
55,1231,,,,0.5714285714285714,1.359330415725708,0.6788321137428284
56,1249,0.8125,1.335848093032837,0.7095412611961365,,,
56,1253,,,,0.5,1.4066219329833984,0.816955029964447
57,1275,,,,0.6142857142857143,1.347651720046997,0.6680561900138855
58,1297,,,,0.5,1.3751659393310547,0.6745543479919434
59,1299,0.78125,1.345086693763733,0.7357228398323059,,,
59,1319,,,,0.6285714285714286,1.3580269813537598,0.6852647662162781
60,1341,,,,0.5428571428571428,1.3774619102478027,0.6957205533981323
61,1349,0.59375,1.3450223207473755,0.7313186526298523,,,
61,1363,,,,0.5,1.3668256998062134,0.5503438711166382
62,1385,,,,0.4857142857142857,1.3906018733978271,0.7619040012359619
63,1399,0.71875,1.3590731620788574,0.7187387943267822,,,
63,1407,,,,0.7571428571428571,1.3494197130203247,0.7195314764976501
64,1429,,,,0.6,1.331566333770752,0.639390766620636
65,1449,0.5,1.3714821338653564,0.6866467595100403,,,
65,1451,,,,0.5142857142857142,1.4039727449417114,0.7681865692138672
66,1473,,,,0.6714285714285714,1.340981125831604,0.7511261105537415
67,1495,,,,0.35714285714285715,1.4043443202972412,0.6901640892028809
68,1499,0.65625,1.330002784729004,0.818508505821228,,,
68,1517,,,,0.5428571428571428,1.3744590282440186,0.6934823393821716
69,1539,,,,0.5,1.4001796245574951,0.8577616810798645
70,1549,0.5625,1.3226535320281982,0.8242486715316772,,,
70,1561,,,,0.5571428571428572,1.395451545715332,0.7192144393920898
71,1583,,,,0.5428571428571428,1.3883856534957886,0.6006989479064941
72,1599,0.53125,1.3839976787567139,0.7698526382446289,,,
72,1605,,,,0.5857142857142857,1.3515074253082275,0.7002621293067932
73,1627,,,,0.6142857142857143,1.3239500522613525,0.7024798393249512
74,1649,0.4642857142857143,1.3949882984161377,0.791511058807373,,,
74,1649,,,,0.5285714285714286,1.4295810461044312,0.7703845500946045
75,1671,,,,0.7142857142857143,1.3166475296020508,0.7490396499633789
76,1693,,,,0.5714285714285714,1.3958549499511719,0.704365611076355
77,1699,0.5,1.325232744216919,0.8026260137557983,,,
77,1715,,,,0.5714285714285714,1.3682621717453003,0.6506579518318176
78,1737,,,,0.6428571428571429,1.2950103282928467,0.8272640109062195
79,1749,0.3125,1.5058252811431885,0.8004809021949768,,,
79,1759,,,,0.5857142857142857,1.379582405090332,0.7319027185440063
80,1781,,,,0.6857142857142857,1.2874189615249634,0.8217471241950989
81,1799,0.59375,1.3487162590026855,0.7035660743713379,,,
81,1803,,,,0.44285714285714284,1.4091638326644897,0.6659155488014221
82,1825,,,,0.5285714285714286,1.3727082014083862,0.7785241007804871
83,1847,,,,0.7142857142857143,1.317049503326416,0.7001937031745911
84,1849,0.71875,1.275588035583496,0.8332943320274353,,,
84,1869,,,,0.5285714285714286,1.3680518865585327,0.8559644818305969
85,1891,,,,0.5571428571428572,1.3616433143615723,0.686989963054657
86,1899,0.5625,1.3988218307495117,0.7215283513069153,,,
86,1913,,,,0.6,1.3360241651535034,0.8693208694458008
87,1935,,,,0.6714285714285714,1.2886770963668823,0.6825746893882751
88,1949,0.8125,1.238623857498169,0.8109452128410339,,,
88,1957,,,,0.5285714285714286,1.4245717525482178,0.7960925102233887
89,1979,,,,0.5857142857142857,1.3400083780288696,0.7477360367774963
90,1999,0.5,1.3454501628875732,0.7651508450508118,,,
90,2001,,,,0.7857142857142857,1.299988865852356,0.7670882344245911
91,2023,,,,0.5,1.598457932472229,1.4204679727554321
92,2045,,,,0.5571428571428572,1.3690212965011597,0.7316669225692749
93,2049,0.53125,1.3352264165878296,0.707819938659668,,,
93,2067,,,,0.7142857142857143,1.3076685667037964,0.7671285271644592
94,2089,,,,0.5142857142857142,1.3181368112564087,0.687089204788208
95,2099,0.6875,1.272749662399292,0.5914195775985718,,,
95,2111,,,,0.6142857142857143,1.3479533195495605,0.577637791633606
96,2133,,,,0.5,1.6461398601531982,1.4914488792419434
97,2149,0.6875,1.236086368560791,0.8074159026145935,,,
97,2155,,,,0.5142857142857142,1.3618009090423584,0.7297083139419556
98,2177,,,,0.6714285714285714,1.2813488245010376,0.7512711882591248
99,2199,0.5714285714285714,1.3088023662567139,0.748857319355011,,,
99,2199,,,,0.5,1.3261189460754395,0.722118079662323
100,2221,,,,0.5428571428571428,1.3642445802688599,0.770590603351593
101,2243,,,,0.5571428571428572,1.3488801717758179,0.664012610912323
102,2249,0.8125,1.2281310558319092,0.7504785060882568,,,
102,2265,,,,0.5571428571428572,1.3763110637664795,0.7831866145133972
103,2287,,,,0.5714285714285714,1.3110599517822266,0.941192090511322
104,2299,0.5625,1.3287632465362549,0.8661372065544128,,,
104,2309,,,,0.7285714285714285,1.1652101278305054,0.9402796030044556
105,2331,,,,0.7714285714285715,1.2573336362838745,0.7998968958854675
106,2349,0.65625,1.3015143871307373,0.8837993144989014,,,
106,2353,,,,0.6285714285714286,1.2599509954452515,0.9737723469734192
107,2375,,,,0.5571428571428572,1.3320001363754272,0.7839990258216858
108,2397,,,,0.6142857142857143,1.3089648485183716,0.6376649737358093
109,2399,0.65625,1.244201421737671,0.7451176047325134,,,
109,2419,,,,0.7428571428571429,1.2578890323638916,0.705489456653595
110,2441,,,,0.5857142857142857,1.3051499128341675,0.6570836305618286
111,2449,0.6875,1.2995601892471313,0.9168577194213867,,,
111,2463,,,,0.6142857142857143,1.3098552227020264,0.639238178730011
112,2485,,,,0.5714285714285714,1.280353307723999,0.5755439400672913
113,2499,0.6875,1.3061634302139282,0.7137441635131836,,,
113,2507,,,,0.5428571428571428,1.3098758459091187,0.522817075252533
114,2529,,,,0.6571428571428571,1.2902864217758179,0.7711109519004822
115,2549,0.65625,1.1806089878082275,0.772685706615448,,,
115,2551,,,,0.5285714285714286,1.3143848180770874,0.5564940571784973
116,2573,,,,0.7428571428571429,1.2756232023239136,0.7384798526763916
117,2595,,,,0.7285714285714285,1.2750507593154907,0.8343400359153748
118,2599,0.65625,1.2419720888137817,1.1134083271026611,,,
118,2617,,,,0.7571428571428571,1.227692723274231,0.7946938276290894
119,2639,,,,0.9,1.1862363815307617,0.7982916235923767
120,2649,0.65625,1.2932593822479248,0.7667281627655029,,,
120,2661,,,,0.6428571428571429,1.2906941175460815,0.814691424369812
121,2683,,,,0.6428571428571429,1.3263564109802246,0.6646568179130554
122,2699,0.65625,1.3025401830673218,0.8684535622596741,,,
122,2705,,,,0.6714285714285714,1.302172303199768,0.894071638584137
123,2727,,,,0.7142857142857143,1.2681400775909424,0.7553465366363525
124,2749,0.75,1.2651058435440063,0.7899361252784729,,,
124,2749,,,,0.7285714285714285,1.1641384363174438,0.7750909924507141
125,2771,,,,0.7142857142857143,1.2140899896621704,0.6914803385734558
126,2793,,,,0.5571428571428572,1.2589969635009766,0.508383572101593
127,2799,0.65625,1.276792287826538,0.8454213738441467,,,
127,2815,,,,0.7142857142857143,1.2650458812713623,0.6356141567230225
128,2837,,,,0.5285714285714286,1.2743664979934692,0.5889681577682495
129,2849,0.59375,1.2598786354064941,0.6104038953781128,,,
129,2859,,,,0.7571428571428571,1.2288429737091064,0.8483464121818542
130,2881,,,,0.6428571428571429,1.23212730884552,0.9601260423660278
131,2899,0.65625,1.2557544708251953,0.970362663269043,,,
131,2903,,,,0.5428571428571428,1.2805352210998535,0.9070563316345215
132,2925,,,,0.7,1.2226951122283936,0.7228648662567139
133,2947,,,,0.5,1.322801947593689,0.493537962436676
134,2949,0.71875,1.2880830764770508,0.9276443719863892,,,
134,2969,,,,0.5142857142857142,1.3120142221450806,0.5300938487052917
135,2991,,,,0.6285714285714286,1.2462555170059204,0.968189537525177
136,2999,0.59375,1.297299861907959,0.8281407356262207,,,
136,3013,,,,0.7714285714285715,1.1768414974212646,0.7993516325950623
137,3035,,,,0.5285714285714286,1.3378665447235107,0.6689125895500183
138,3049,0.5,1.7932450771331787,0.9004966020584106,,,
138,3057,,,,0.5285714285714286,1.2999199628829956,0.5060968399047852
139,3079,,,,0.8428571428571429,1.1542913913726807,0.7829334139823914
140,3099,0.75,1.2454437017440796,0.7482377290725708,,,
140,3101,,,,0.6714285714285714,1.2379029989242554,0.6562954187393188
141,3123,,,,0.6857142857142857,1.2868739366531372,0.9343582987785339
142,3145,,,,0.5,1.3303041458129883,0.5021459460258484
143,3149,0.84375,1.13711416721344,0.7886717915534973,,,
143,3167,,,,0.6571428571428571,1.2646371126174927,0.7012453675270081
144,3189,,,,0.7,1.1979494094848633,0.6810535788536072
145,3199,0.625,1.261716365814209,0.8717538118362427,,,
145,3211,,,,0.5142857142857142,1.2965518236160278,0.5666264295578003
146,3233,,,,0.6142857142857143,1.2458313703536987,0.9376420378684998
147,3249,0.875,1.0457998514175415,0.8253234624862671,,,
147,3255,,,,0.7714285714285715,1.1238946914672852,0.8368837833404541
148,3277,,,,0.7142857142857143,1.1283427476882935,0.7139721512794495
149,3299,0.75,1.1503455638885498,1.1842020750045776,,,
149,3299,,,,0.5714285714285714,1.3287009000778198,1.2700507640838623
150,3321,,,,0.7,1.2620126008987427,0.7092514038085938
151,3343,,,,0.7857142857142857,1.1727159023284912,0.7967633605003357
152,3349,0.8125,1.1626191139221191,0.76641845703125,,,
152,3365,,,,0.5714285714285714,1.2698981761932373,0.6123564839363098
153,3387,,,,0.7285714285714285,1.1384296417236328,0.9428078532218933
154,3399,0.8125,1.0156986713409424,1.0310605764389038,,,
154,3409,,,,0.7714285714285715,1.149217963218689,0.7276714444160461
155,3431,,,,0.6285714285714286,1.2701730728149414,0.7608696818351746
156,3449,0.84375,1.1834447383880615,0.8140425682067871,,,
156,3453,,,,0.8428571428571429,1.098068118095398,0.7738135457038879
157,3475,,,,0.5285714285714286,1.3093297481536865,0.5236057639122009
158,3497,,,,0.6571428571428571,1.2934890985488892,0.729760468006134
159,3499,0.84375,1.1231142282485962,0.9398860335350037,,,
159,3519,,,,0.6857142857142857,1.2139437198638916,0.6638777852058411
160,3541,,,,0.8571428571428571,1.0862747430801392,0.8962074518203735
161,3549,0.5,1.382311463356018,0.7466144561767578,,,
161,3563,,,,0.5142857142857142,1.3565500974655151,0.4789036214351654
162,3585,,,,0.7857142857142857,1.1674692630767822,0.725695013999939
163,3599,0.96875,0.6290213465690613,0.9992561936378479,,,
163,3607,,,,0.6285714285714286,1.2414401769638062,0.7241868376731873
164,3629,,,,0.6857142857142857,1.145821213722229,0.8368499279022217
165,3649,0.78125,1.0809468030929565,0.8568415641784668,,,
165,3651,,,,0.6571428571428571,1.233342170715332,0.7427811622619629
166,3673,,,,0.6714285714285714,1.199813961982727,0.7094512581825256
167,3695,,,,0.5714285714285714,1.3389886617660522,0.5770166516304016
168,3699,0.6875,1.221059799194336,1.0487215518951416,,,
168,3717,,,,0.7857142857142857,1.1160658597946167,0.830579936504364
169,3739,,,,0.6857142857142857,1.2486340999603271,0.6156112551689148
170,3749,0.875,1.085523247718811,0.8590147495269775,,,
170,3761,,,,0.5571428571428572,1.255463719367981,0.6186754703521729
171,3783,,,,0.8285714285714286,1.0895546674728394,1.0232740640640259
172,3799,0.78125,1.1592060327529907,0.8028733730316162,,,
172,3805,,,,0.6714285714285714,1.2809147834777832,0.8099464774131775
173,3827,,,,0.7571428571428571,1.1129708290100098,0.7370800375938416
174,3849,0.6071428571428571,1.3296186923980713,0.9918667674064636,,,
174,3849,,,,0.7857142857142857,1.1260480880737305,0.6474531888961792
175,3871,,,,0.7714285714285715,1.1287487745285034,0.7950176000595093
176,3893,,,,0.5714285714285714,1.2616535425186157,0.6097427010536194
177,3899,0.84375,1.0484952926635742,0.9231072664260864,,,
177,3915,,,,0.6857142857142857,1.2601875066757202,0.7211202383041382
178,3937,,,,0.8,1.042284607887268,0.9465742707252502
179,3949,0.84375,1.1467589139938354,0.6559010744094849,,,
179,3959,,,,0.6714285714285714,1.2960346937179565,0.7317408919334412
180,3981,,,,0.7714285714285715,1.126982569694519,1.0881931781768799
181,3999,0.8125,1.1241540908813477,0.893925666809082,,,
181,4003,,,,0.8142857142857143,1.1479321718215942,0.7974418997764587
182,4025,,,,0.7428571428571429,1.2306766510009766,0.7975460290908813
183,4047,,,,0.8428571428571429,1.1143162250518799,0.9164069890975952
184,4049,0.875,1.0059263706207275,0.8475680351257324,,,
184,4069,,,,0.8,1.156227469444275,0.7736190557479858
185,4091,,,,0.7571428571428571,1.1941888332366943,0.9760130643844604
186,4099,0.625,1.3220709562301636,1.0231221914291382,,,
186,4113,,,,0.6571428571428571,1.2135059833526611,0.6927585005760193
187,4135,,,,0.7571428571428571,1.2933553457260132,1.0062017440795898
188,4149,0.84375,1.1435314416885376,1.0202946662902832,,,
188,4157,,,,0.6714285714285714,1.2740060091018677,0.7924121022224426
189,4179,,,,0.7857142857142857,1.1774300336837769,0.7586953639984131
190,4199,0.75,1.1470379829406738,1.0411521196365356,,,
190,4201,,,,0.5857142857142857,1.3296334743499756,0.7233741283416748
191,4223,,,,0.6285714285714286,1.2667137384414673,0.5799970030784607
192,4245,,,,0.6285714285714286,1.2868088483810425,0.6849544644355774
193,4249,0.90625,1.0955811738967896,0.7300003170967102,,,
193,4267,,,,0.6142857142857143,1.2978407144546509,0.9237890243530273
194,4289,,,,0.7857142857142857,1.1583367586135864,0.8286190629005432
195,4299,0.71875,1.1507419347763062,1.1610400676727295,,,
195,4311,,,,0.6857142857142857,1.2332706451416016,0.6748371720314026
196,4333,,,,0.7428571428571429,1.1576685905456543,0.7968675494194031
197,4349,0.75,1.1216723918914795,1.1898281574249268,,,
197,4355,,,,0.4857142857142857,1.4328327178955078,0.4671681523323059
198,4377,,,,0.7857142857142857,1.0997027158737183,0.9000586271286011
199,4399,0.5357142857142857,1.2638028860092163,0.6263505220413208,,,
199,4399,,,,0.6142857142857143,1.2182743549346924,0.6624213457107544
200,4421,,,,0.8,1.2085508108139038,0.9187750816345215
201,4443,,,,0.7428571428571429,1.1854382753372192,0.7949128746986389
202,4449,0.75,1.1607189178466797,0.7930723428726196,,,
202,4465,,,,0.7142857142857143,1.2116706371307373,0.9592317938804626
203,4487,,,,0.7428571428571429,1.1375410556793213,1.0587923526763916
204,4499,0.5625,1.2154009342193604,1.1594724655151367,,,
204,4509,,,,0.6285714285714286,1.284018635749817,0.7673683166503906
205,4531,,,,0.6571428571428571,1.2334824800491333,0.7135941386222839
206,4549,0.71875,1.1541690826416016,0.760064959526062,,,
206,4553,,,,0.7142857142857143,1.2340871095657349,0.8560209274291992
207,4575,,,,0.7428571428571429,1.2312347888946533,0.9755207896232605
208,4597,,,,0.6857142857142857,1.2585328817367554,0.6991351246833801
209,4599,0.8125,1.0634117126464844,0.9488868117332458,,,
209,4619,,,,0.7428571428571429,1.1567856073379517,0.8938406705856323
210,4641,,,,0.6857142857142857,1.1766643524169922,0.7608808279037476
211,4649,0.6875,1.2109277248382568,0.8318982124328613,,,
211,4663,,,,0.5571428571428572,1.3253499269485474,0.5450625419616699
212,4685,,,,0.8142857142857143,1.1141902208328247,0.8207032084465027
213,4699,0.625,1.294947624206543,0.7475671768188477,,,
213,4707,,,,0.7285714285714285,1.2240570783615112,0.86865234375
214,4729,,,,0.5714285714285714,1.3236039876937866,0.7287609577178955
215,4749,0.71875,1.187314748764038,0.8647451400756836,,,
215,4751,,,,0.6571428571428571,1.1999696493148804,0.5428603291511536
216,4773,,,,0.5714285714285714,1.3165146112442017,0.5346469879150391
217,4795,,,,0.7285714285714285,1.1683427095413208,0.8400697708129883
218,4799,0.6875,1.2163200378417969,0.9053787589073181,,,
218,4817,,,,0.6,1.2509856224060059,0.7877305150032043
219,4839,,,,0.6285714285714286,1.2696514129638672,0.7162868976593018
220,4849,0.6875,1.2133976221084595,0.9131989479064941,,,
220,4861,,,,0.7571428571428571,1.1835120916366577,0.8608002662658691
221,4883,,,,0.6571428571428571,1.1828700304031372,0.8793278336524963
222,4899,0.9375,0.5713082551956177,0.9373229146003723,,,
222,4905,,,,0.5857142857142857,1.2527973651885986,0.6494854092597961
223,4927,,,,0.5857142857142857,1.3177779912948608,0.5200483202934265
224,4949,0.8214285714285714,1.0956575870513916,0.9303721785545349,,,
224,4949,,,,0.7,1.1963200569152832,0.8767256736755371
225,4971,,,,0.6857142857142857,1.2445436716079712,1.0679030418395996
226,4993,,,,0.6428571428571429,1.2113618850708008,1.0332938432693481
227,4999,0.78125,1.2052180767059326,0.9547522068023682,,,
227,5015,,,,0.6857142857142857,1.2171086072921753,1.0116103887557983
228,5037,,,,0.7714285714285715,1.0674444437026978,1.0367697477340698
229,5049,0.90625,1.113511562347412,0.8706381320953369,,,
229,5059,,,,0.7285714285714285,1.2228963375091553,0.8075222969055176
230,5081,,,,0.7571428571428571,1.1801352500915527,0.7235035300254822
231,5099,0.8125,1.0793874263763428,0.8424909710884094,,,
231,5103,,,,0.6142857142857143,1.2521610260009766,0.9535727500915527
232,5125,,,,0.7571428571428571,1.1358814239501953,0.8024126887321472
233,5147,,,,0.7142857142857143,1.1740550994873047,0.7815970182418823
234,5149,0.625,1.2290410995483398,1.0286126136779785,,,
234,5169,,,,0.6285714285714286,1.2077488899230957,1.0220451354980469
235,5191,,,,0.7142857142857143,1.1457058191299438,0.9806530475616455
236,5199,0.71875,1.1702531576156616,1.2227582931518555,,,
236,5213,,,,0.8142857142857143,1.148396611213684,0.708531379699707
237,5235,,,,0.7428571428571429,1.1153141260147095,1.080551266670227
238,5249,0.9375,0.6570521593093872,0.920548677444458,,,
238,5257,,,,0.7571428571428571,1.1696633100509644,0.907425045967102
239,5279,,,,0.6428571428571429,1.2201107740402222,0.7147802710533142
240,5299,0.625,1.209364414215088,0.9281283020973206,,,
240,5301,,,,0.7428571428571429,1.1292513608932495,0.9167121052742004
241,5323,,,,0.7571428571428571,1.1702845096588135,0.99968022108078
242,5345,,,,0.8,1.095884919166565,1.013917088508606
243,5349,0.8125,1.1302845478057861,0.8733751177787781,,,
243,5367,,,,0.7428571428571429,1.2467725276947021,0.7817671298980713
244,5389,,,,0.5857142857142857,1.2337843179702759,0.5087729096412659
245,5399,0.875,1.004559874534607,0.8334157466888428,,,
245,5411,,,,0.7285714285714285,1.129386305809021,0.7751213312149048
246,5433,,,,0.8571428571428571,1.0915708541870117,0.9398369789123535
247,5449,0.78125,1.0730345249176025,1.0106382369995117,,,
247,5455,,,,0.6857142857142857,1.147958755493164,0.6908558011054993
248,5477,,,,0.6857142857142857,1.2455347776412964,1.0762732028961182
249,5499,0.75,1.093237042427063,0.9864230155944824,,,
249,5499,,,,0.7714285714285715,1.1768696308135986,0.7985929250717163
250,5521,,,,0.7,1.1406278610229492,0.7414370775222778
251,5543,,,,0.7142857142857143,1.2266324758529663,0.8800832629203796
252,5549,0.75,1.0982365608215332,1.0178611278533936,,,
252,5565,,,,0.7,1.1575238704681396,0.6697564125061035
253,5587,,,,0.5142857142857142,1.3855544328689575,0.421347975730896
254,5599,0.84375,1.075598120689392,0.8971776962280273,,,
254,5609,,,,0.7142857142857143,1.1928868293762207,0.9615732431411743
255,5631,,,,0.5142857142857142,1.344046711921692,0.48699524998664856
256,5649,0.75,1.1601992845535278,1.2645020484924316,,,
256,5653,,,,0.7,1.216177225112915,0.7468060255050659
257,5675,,,,0.7571428571428571,1.0642096996307373,1.1409119367599487
258,5697,,,,0.7142857142857143,1.1755179166793823,0.7861358523368835
259,5699,0.6875,1.2066421508789062,0.8194909691810608,,,
259,5719,,,,0.7714285714285715,1.1326929330825806,0.928713321685791
260,5741,,,,0.7428571428571429,1.122759461402893,0.8316693305969238
261,5749,0.78125,1.1719818115234375,0.8726657629013062,,,
261,5763,,,,0.8571428571428571,1.042356252670288,0.8538771271705627
262,5785,,,,0.7714285714285715,1.1469619274139404,0.9084304571151733
263,5799,0.875,1.0757172107696533,0.9517631530761719,,,
263,5807,,,,0.7285714285714285,1.1648929119110107,0.8862666487693787
264,5829,,,,0.7428571428571429,1.1458207368850708,0.938936173915863
265,5849,0.78125,1.1286802291870117,0.8452497124671936,,,
265,5851,,,,0.6571428571428571,1.2060235738754272,0.7116739749908447
266,5873,,,,0.7428571428571429,1.155548095703125,0.7237115502357483
267,5895,,,,0.6571428571428571,1.1779865026474,0.7869367599487305
268,5899,0.75,1.1983715295791626,0.8766934871673584,,,
268,5917,,,,0.6428571428571429,1.2199865579605103,0.6228793263435364
269,5939,,,,0.5714285714285714,1.2864161729812622,0.573717474937439
270,5949,0.75,1.140027642250061,0.8719365000724792,,,
270,5961,,,,0.5571428571428572,1.2794309854507446,0.5189486742019653
271,5983,,,,0.5428571428571428,1.3452701568603516,0.508282482624054
272,5999,0.875,0.9571384191513062,0.8439013361930847,,,
272,6005,,,,0.7,1.2124526500701904,1.147045612335205
273,6027,,,,0.7142857142857143,1.117411494255066,0.7234838008880615
274,6049,0.8214285714285714,1.1399394273757935,0.7003542184829712,,,
274,6049,,,,0.7285714285714285,1.1052367687225342,0.5618999004364014
275,6071,,,,0.8,1.096899390220642,1.0751649141311646
276,6093,,,,0.7571428571428571,1.1262564659118652,0.9010628461837769
277,6099,0.78125,1.1387012004852295,1.0749285221099854,,,
277,6115,,,,0.7714285714285715,1.1365878582000732,0.8459805250167847
278,6137,,,,0.7714285714285715,1.1745350360870361,0.9213922619819641
279,6149,0.6875,1.1978344917297363,0.9985700845718384,,,
279,6159,,,,0.6285714285714286,1.2039164304733276,0.6410585045814514
280,6181,,,,0.6,1.2955316305160522,0.5528752207756042
281,6199,0.75,1.1025102138519287,0.9716247916221619,,,
281,6203,,,,0.7142857142857143,1.1545777320861816,0.7327399253845215
282,6225,,,,0.6571428571428571,1.1632205247879028,0.8199968934059143
283,6247,,,,0.9571428571428572,1.0298653841018677,0.874942421913147
284,6249,0.8125,1.1182975769042969,0.9883613586425781,,,
284,6269,,,,0.7428571428571429,1.1482502222061157,0.9013402462005615
285,6291,,,,0.8142857142857143,1.1092803478240967,0.9235575795173645
286,6299,0.75,1.179628849029541,0.797450602054596,,,
286,6313,,,,0.8142857142857143,1.0944998264312744,0.9891859889030457
287,6335,,,,0.7571428571428571,1.2075557708740234,0.8788449168205261
288,6349,0.90625,0.5854491591453552,1.0162153244018555,,,
288,6357,,,,0.7285714285714285,1.190006971359253,0.8586450219154358
289,6379,,,,0.8,1.1279401779174805,0.8365870714187622
290,6399,0.75,1.2068710327148438,0.9263635873794556,,,
290,6401,,,,0.5571428571428572,1.2708873748779297,0.4870206117630005
291,6423,,,,0.6714285714285714,1.135936975479126,0.7176136374473572
292,6445,,,,0.7142857142857143,1.1803386211395264,0.7574504613876343
293,6449,0.84375,1.1410599946975708,0.9829651713371277,,,
293,6467,,,,0.6285714285714286,1.2536969184875488,0.614700973033905
294,6489,,,,0.7571428571428571,1.0909491777420044,0.7518889904022217
295,6499,0.71875,1.1442396640777588,1.0989792346954346,,,
295,6511,,,,0.7571428571428571,1.1239960193634033,1.1175569295883179
296,6533,,,,0.7428571428571429,1.1207389831542969,0.6929798126220703
297,6549,0.90625,1.0073668956756592,0.9416377544403076,,,
297,6555,,,,0.5714285714285714,1.3111927509307861,0.5545074343681335
298,6577,,,,0.7714285714285715,1.1668291091918945,0.8695905208587646
299,6599,0.7142857142857143,1.138073444366455,0.9252172708511353,,,
299,6599,,,,0.6571428571428571,1.1601800918579102,0.6107023358345032
